{
    "vertices": {
        "Vertex_0000": {
            "type": "Akalyptos",
            "x": 12.452345,
            "y": 0.5,
            "z": 23.0
        },
        "Vertex_0001": {
            "type": "Space Cells",
            "x": 7.081439,
            "y": 5.213328,
            "z": 23.0
        },
        "Vertex_0002": {
            "type": "Space Cells",
            "x": 12.452433,
            "y": 1.987838,
            "z": 23.0
        },
        "Vertex_0003": {
            "type": "Space Cells",
            "x": 7.081439,
            "y": 7.213328,
            "z": 23.0
        },
        "Vertex_0004": {
            "type": "Space Cells",
            "x": 9.92572,
            "y": 10.249178,
            "z": 23.0
        },
        "Vertex_0005": {
            "type": "Space Cells",
            "x": 4.783594,
            "y": 9.835,
            "z": 23.0
        },
        "Vertex_0006": {
            "type": "Space Cells",
            "x": 4.783595,
            "y": 7.213328,
            "z": 23.0
        },
        "Vertex_0007": {
            "type": "Akalyptos",
            "x": 12.452521,
            "y": 11.307788,
            "z": 23.0
        },
        "Vertex_0008": {
            "type": "Space Cells",
            "x": 4.783595,
            "y": 5.213328,
            "z": 23.0
        },
        "Vertex_0009": {
            "type": "Space Cells",
            "x": 17.634283,
            "y": 5.213328,
            "z": 23.0
        },
        "Vertex_0010": {
            "type": "Space Cells",
            "x": 17.634283,
            "y": 9.835,
            "z": 23.0
        },
        "Vertex_0011": {
            "type": "Space Cells",
            "x": 7.081439,
            "y": 1.965,
            "z": 23.0
        },
        "Vertex_0012": {
            "type": "Space Cells",
            "x": 12.452524,
            "y": 9.746953,
            "z": 23.0
        },
        "Vertex_0013": {
            "type": "Space Cells",
            "x": 14.881099,
            "y": 7.213328,
            "z": 23.0
        },
        "Vertex_0014": {
            "type": "Space Cells",
            "x": 17.634283,
            "y": 7.213328,
            "z": 23.0
        },
        "Vertex_0015": {
            "type": "Space Cells",
            "x": 17.634283,
            "y": 1.965,
            "z": 23.0
        },
        "Vertex_0016": {
            "type": "Space Cells",
            "x": 9.925599,
            "y": 1.487905,
            "z": 23.0
        },
        "Vertex_0017": {
            "type": "Corridor",
            "x": 11.43466,
            "y": 3.420715,
            "z": 23.0
        },
        "Vertex_0018": {
            "type": "Space Cells",
            "x": 14.871856,
            "y": 1.960205,
            "z": 23.0
        },
        "Vertex_0019": {
            "type": "Space Cells",
            "x": 7.081441,
            "y": 9.835,
            "z": 23.0
        },
        "Vertex_0020": {
            "type": "Space Cells",
            "x": 14.881099,
            "y": 5.213328,
            "z": 23.0
        },
        "Vertex_0021": {
            "type": "Space Cells",
            "x": 4.783595,
            "y": 1.965,
            "z": 23.0
        },
        "Vertex_0022": {
            "type": "Space Cells",
            "x": 14.871457,
            "y": 9.839343,
            "z": 23.0
        },
        "Vertex_0023": {
            "type": "Corridor",
            "x": 11.434664,
            "y": 8.243339,
            "z": 23.0
        },
        "Vertex_0024": {
            "type": "Staircase",
            "x": 11.434655,
            "y": 5.832027,
            "z": 23.0
        }
    },
    "edges": {
        "Edge_00": {
            "relationship": "Direct",
            "source": "Vertex_0000",
            "target": "Vertex_0002"
        },
        "Edge_01": {
            "relationship": "Direct",
            "source": "Vertex_0018",
            "target": "Vertex_0000"
        },
        "Edge_02": {
            "relationship": "Direct",
            "source": "Vertex_0016",
            "target": "Vertex_0000"
        },
        "Edge_03": {
            "relationship": "Direct",
            "source": "Vertex_0011",
            "target": "Vertex_0001"
        },
        "Edge_04": {
            "relationship": "Direct",
            "source": "Vertex_0001",
            "target": "Vertex_0008"
        },
        "Edge_05": {
            "relationship": "Direct",
            "source": "Vertex_0024",
            "target": "Vertex_0001"
        },
        "Edge_06": {
            "relationship": "Direct",
            "source": "Vertex_0018",
            "target": "Vertex_0002"
        },
        "Edge_07": {
            "relationship": "Direct",
            "source": "Vertex_0016",
            "target": "Vertex_0002"
        },
        "Edge_08": {
            "relationship": "Direct",
            "source": "Vertex_0017",
            "target": "Vertex_0002"
        },
        "Edge_09": {
            "relationship": "Direct",
            "source": "Vertex_0003",
            "target": "Vertex_0006"
        },
        "Edge_10": {
            "relationship": "Direct",
            "source": "Vertex_0019",
            "target": "Vertex_0003"
        },
        "Edge_11": {
            "relationship": "Direct",
            "source": "Vertex_0024",
            "target": "Vertex_0003"
        },
        "Edge_12": {
            "relationship": "Direct",
            "source": "Vertex_0023",
            "target": "Vertex_0003"
        },
        "Edge_13": {
            "relationship": "Direct",
            "source": "Vertex_0004",
            "target": "Vertex_0007"
        },
        "Edge_14": {
            "relationship": "Direct",
            "source": "Vertex_0012",
            "target": "Vertex_0004"
        },
        "Edge_15": {
            "relationship": "Direct",
            "source": "Vertex_0004",
            "target": "Vertex_0019"
        },
        "Edge_16": {
            "relationship": "Direct",
            "source": "Vertex_0004",
            "target": "Vertex_0023"
        },
        "Edge_17": {
            "relationship": "Direct",
            "source": "Vertex_0005",
            "target": "Vertex_0006"
        },
        "Edge_18": {
            "relationship": "Direct",
            "source": "Vertex_0019",
            "target": "Vertex_0005"
        },
        "Edge_19": {
            "relationship": "Direct",
            "source": "Vertex_0012",
            "target": "Vertex_0007"
        },
        "Edge_20": {
            "relationship": "Direct",
            "source": "Vertex_0007",
            "target": "Vertex_0022"
        },
        "Edge_21": {
            "relationship": "Direct",
            "source": "Vertex_0021",
            "target": "Vertex_0008"
        },
        "Edge_22": {
            "relationship": "Direct",
            "source": "Vertex_0020",
            "target": "Vertex_0009"
        },
        "Edge_23": {
            "relationship": "Direct",
            "source": "Vertex_0009",
            "target": "Vertex_0015"
        },
        "Edge_24": {
            "relationship": "Direct",
            "source": "Vertex_0010",
            "target": "Vertex_0014"
        },
        "Edge_25": {
            "relationship": "Direct",
            "source": "Vertex_0022",
            "target": "Vertex_0010"
        },
        "Edge_26": {
            "relationship": "Direct",
            "source": "Vertex_0024",
            "target": "Vertex_0011"
        },
        "Edge_27": {
            "relationship": "Direct",
            "source": "Vertex_0011",
            "target": "Vertex_0021"
        },