{
    "vertices": {
        "Vertex_0000": {
            "u_length": 1.5,
            "v_legnth": 3.93,
            "x": 13.75,
            "y": 1.965,
            "z": 2.5
        },
        "Vertex_0001": {
            "u_length": 2.0,
            "v_legnth": 3.93,
            "x": 1.0,
            "y": 1.965,
            "z": 2.5
        },
        "Vertex_0002": {
            "u_length": 1.5,
            "v_legnth": 3.93,
            "x": 4.75,
            "y": 5.895,
            "z": 2.5
        },
        "Vertex_0003": {
            "u_length": 3.0,
            "v_legnth": 3.93,
            "x": 3.0,
            "y": 1.965,
            "z": 2.5
        },
        "Vertex_0004": {
            "u_length": 3.0,
            "v_legnth": 3.93,
            "x": 11.5,
            "y": 9.825,
            "z": 2.5
        },
        "Vertex_0005": {
            "u_length": 1.5,
            "v_legnth": 3.93,
            "x": 4.75,
            "y": 1.965,
            "z": 2.5
        },
        "Vertex_0006": {
            "u_length": 1.5,
            "v_legnth": 3.93,
            "x": 13.75,
            "y": 5.895,
            "z": 2.5
        },
        "Vertex_0007": {
            "u_length": 1.5,
            "v_legnth": 3.93,
            "x": 1.0,
            "y": 9.825,
            "z": 2.5
        },
        "Vertex_0008": {
            "u_length": 2.0,
            "v_legnth": 3.93,
            "x": 3.0,
            "y": 5.895,
            "z": 2.5
        },
        "Vertex_0009": {
            "u_length": 3.0,
            "v_legnth": 3.93,
            "x": 3.0,
            "y": 9.825,
            "z": 2.5
        },
        "Vertex_0010": {
            "u_length": 1.5,
            "v_legnth": 3.9300000000000006,
            "x": 4.75,
            "y": 9.825,
            "z": 2.5
        },
        "Vertex_0011": {
            "u_length": 1.5,
            "v_legnth": 3.9300000000000006,
            "x": 8.5,
            "y": 1.965,
            "z": 2.5
        },
        "Vertex_0012": {
            "u_length": 1.5,
            "v_legnth": 3.93,
            "x": 1.0,
            "y": 5.895,
            "z": 2.5
        },
        "Vertex_0013": {
            "u_length": 3.0,
            "v_legnth": 3.9300000000000006,
            "x": 6.25,
            "y": 5.895,
            "z": 2.5
        },
        "Vertex_0014": {
            "u_length": 2.0,
            "v_legnth": 3.93,
            "x": 6.25,
            "y": 9.825,
            "z": 2.5
        },
        "Vertex_0015": {
            "u_length": 1.5,
            "v_legnth": 3.93,
            "x": 8.5,
            "y": 5.895,
            "z": 2.5
        },
        "Vertex_0016": {
            "u_length": 3.0,
            "v_legnth": 3.93,
            "x": 11.5,
            "y": 1.965,
            "z": 2.5
        },
        "Vertex_0017": {
            "u_length": 1.5,
            "v_legnth": 3.93,
            "x": 8.5,
            "y": 9.825,
            "z": 2.5
        },
        "Vertex_0018": {
            "u_length": 2.0,
            "v_legnth": 3.9300000000000006,
            "x": 6.25,
            "y": 1.965,
            "z": 2.5
        },
        "Vertex_0019": {
            "u_length": 2.0,
            "v_legnth": 3.93,
            "x": 11.5,
            "y": 5.895,
            "z": 2.5
        },
        "Vertex_0020": {
            "u_length": 1.5,
            "v_legnth": 3.9300000000000006,
            "x": 13.75,
            "y": 9.825,
            "z": 2.5
        },
        "Vertex_0021": {
            "u_length": 2.0,
            "v_legnth": 3.9300000000000006,
            "x": 15.25,
            "y": 1.965,
            "z": 2.5
        },
        "Vertex_0022": {
            "u_length": 1.5,
            "v_legnth": 3.9300000000000006,
            "x": 15.25,
            "y": 9.825,
            "z": 2.5
        },
        "Vertex_0023": {
            "u_length": 3.0,
            "v_legnth": 3.9300000000000006,
            "x": 15.25,
            "y": 5.895,
            "z": 2.5
        }
    },
    "edges": {
        "Edge_00": {
            "relationship": "Direct",
            "source": "Vertex_0016",
            "target": "Vertex_0000"
        },
        "Edge_01": {
            "relationship": "Direct",
            "source": "Vertex_0000",
            "target": "Vertex_0006"
        },
        "Edge_02": {
            "relationship": "Direct",
            "source": "Vertex_0000",
            "target": "Vertex_0021"
        },
        "Edge_03": {
            "relationship": "Direct",
            "source": "Vertex_0001",
            "target": "Vertex_0003"
        },
        "Edge_04": {
            "relationship": "Direct",
            "source": "Vertex_0001",
            "target": "Vertex_0012"
        },
        "Edge_05": {
            "relationship": "Direct",
            "source": "Vertex_0002",
            "target": "Vertex_0010"
        },
        "Edge_06": {
            "relationship": "Direct",
            "source": "Vertex_0005",
            "target": "Vertex_0002"
        },
        "Edge_07": {
            "relationship": "Direct",
            "source": "Vertex_0008",
            "target": "Vertex_0002"
        },
        "Edge_08": {
            "relationship": "Direct",
            "source": "Vertex_0002",
            "target": "Vertex_0013"
        },
        "Edge_09": {
            "relationship": "Direct",
            "source": "Vertex_0003",
            "target": "Vertex_0005"
        },
        "Edge_10": {
            "relationship": "Direct",
            "source": "Vertex_0003",
            "target": "Vertex_0008"
        },
        "Edge_11": {
            "relationship": "Direct",
            "source": "Vertex_0004",
            "target": "Vertex_0020"
        },
        "Edge_12": {
            "relationship": "Direct",
            "source": "Vertex_0017",
            "target": "Vertex_0004"
        },
        "Edge_13": {
            "relationship": "Direct",
            "source": "Vertex_0019",
            "target": "Vertex_0004"
        },
        "Edge_14": {
            "relationship": "Direct",
            "source": "Vertex_0005",
            "target": "Vertex_0018"
        },
        "Edge_15": {
            "relationship": "Direct",
            "source": "Vertex_0006",
            "target": "Vertex_0023"
        },
        "Edge_16": {
            "relationship": "Direct",
            "source": "Vertex_0006",
            "target": "Vertex_0020"
        },
        "Edge_17": {
            "relationship": "Direct",
            "source": "Vertex_0019",
            "target": "Vertex_0006"
        },
        "Edge_18": {
            "relationship": "Direct",
            "source": "Vertex_0012",
            "target": "Vertex_0007"
        },
        "Edge_19": {
            "relationship": "Direct",
            "source": "Vertex_0007",
            "target": "Vertex_0009"
        },
        "Edge_20": {
            "relationship": "Direct",
            "source": "Vertex_0012",
            "target": "Vertex_0008"
        },
        "Edge_21": {
            "relationship": "Direct",
            "source": "Vertex_0008",
            "target": "Vertex_0009"
        },
        "Edge_22": {
            "relationship": "Direct",
            "source": "Vertex_0009",
            "target": "Vertex_0010"
        },
        "Edge_23": {
            "relationship": "Direct",
            "source": "Vertex_0010",
            "target": "Vertex_0014"
        },
        "Edge_24": {
            "relationship": "Direct",
            "source": "Vertex_0011",
            "target": "Vertex_0016"
        },
        "Edge_25": {
            "relationship": "Direct",